pos	r	g	b	a
0	1	0	0	1
0.1511335	1	0.95	0	1
0.3274559	0	1	0.0333333	1
0.5138539	0	1	0.9166667	1
0.6901763	0	0.3333333	1	1
0.8765743	1	0	0.8666668	1
1	1	0	0	1
